Name,SKU,Price,Stock Status,Source
ตู้เย็น 2 ประตู 7.3 คิว Inverter (สี Metal Graphite) รุ่น RT20HAR1DSA/ST,210022,6790.0,Out of Stock,powerbuy.co.th
"ไมโครเวฟ (800 วัตต์, 23 ลิตร) รุ่น MS23K3513AW/ST",224646,2790.0,Out of Stock,powerbuy.co.th
"เครื่องดูดฝุ่นแบบกล่อง (1,800 วัตต์) รุ่น VCC4540S36/XST",237537,1790.0,Out of Stock,powerbuy.co.th
"ไมโครเวฟ (800วัตต์, 23 ลิตร) รุ่น MG23K3515AK-ST",245550,2990.0,Out of Stock,powerbuy.co.th
"MOMAX ที่ชาร์จไร้สาย (5000 mAh, สีดำ) รุ่น IP85D",246769,694.0,Out of Stock,powerbuy.co.th
"หุ่นยนต์ดูดฝุ่น (40 วัตต์, สีดำ) รุ่น VR05R5050WK/ST",251845,6990.0,Out of Stock,powerbuy.co.th
"ลำโพง PA ไร้สาย (2.1 CH, 1500 วัตต์) รุ่น Giga Audio MX-T70/XT",256075,7990.0,Out of Stock,powerbuy.co.th
HEAL เคสสำหรับ iPhone 12 Mini (สีใส) รุ่น CASE IPHONE 12 CLEAR,261976,144.0,Out of Stock,powerbuy.co.th
"APPLE iPhone 11 (128GB, Black)",263528,21500.0,Out of Stock,powerbuy.co.th
เครื่องซักผ้าฝาหน้า (8 kg.) WW80T3040WW/ST + ฐานรอง,265186,9990.0,Out of Stock,powerbuy.co.th
ตู้เย็น 2 ประตู 9 คิว (สี Black DOI) รุ่น RT25FGRADB1/ST,267384,8290.0,Out of Stock,powerbuy.co.th
"ไมโครเวฟ SOLO (700 วัตต์, 20 ลิตร, สีดำ) รุ่น MS20A3010AL/ST",271613,1590.0,Out of Stock,powerbuy.co.th
เครื่องซักผ้า 2 ถัง (16 kg.) รุ่น WT16B5240BA/ST,276369,7690.0,Out of Stock,powerbuy.co.th
HEAL Glossy Series เคสใสพร้อม MagSafe สำหรับ iPhone 14 Pro Max (สีฟ้า),281725,790.0,Out of Stock,powerbuy.co.th
"APPLE iPhone 14 (128GB, Starlight)",281867,17900.0,Out of Stock,powerbuy.co.th
"Galaxy S23 Ultra (RAM 8GB, 256GB, Phantom Black)",286634,41900.0,Out of Stock,powerbuy.co.th
"ตู้เย็น 2 ประตู (14.7 คิว, สีขาว) รุ่น RT42CB664412ST",287813,12990.0,Out of Stock,powerbuy.co.th
"APPLE iPhone 14 Plus (512GB, Yellow)",288227,45900.0,Out of Stock,powerbuy.co.th
ตู้เย็น 2 ประตู 13.9 คิว Inverter (สีดำ) รุ่น RT38CG6020B1ST,289217,9990.0,Out of Stock,powerbuy.co.th
เครื่องซักผ้าฝาบน Inverter 14 kg รุ่น WA14CG5441BYST,289345,9190.0,Out of Stock,powerbuy.co.th
เครื่องซักผ้าฝาบน (17 kg) รุ่น WA17CG6441BYST,289354,8990.0,Out of Stock,powerbuy.co.th
"ซาวด์บาร์ (2.1 CH, 300 วัตต์) รุ่น HW-C450/XT",289678,3990.0,Out of Stock,powerbuy.co.th
เคสสำหรับ iPhone 15 Pro Max (สี Star) รุ่น CASEIP15PM NONMAG ST,292348,690.0,Out of Stock,powerbuy.co.th
เคสสำหรับ iPhone 15 Pro (สี Black) รุ่น CASEIP15PRO NONMAGBK,292354,690.0,Out of Stock,powerbuy.co.th
เคสสำหรับ iPhone 15 (สี Silver/Black) รุ่น Sparking Non-Magsafe,292356,690.0,Out of Stock,powerbuy.co.th
MagSafe Case iPhone 15 Pro Max (สี Yellow) รุ่น Fancy Full Color,292360,690.0,Out of Stock,powerbuy.co.th
MagSafe Case iPhone 15 Pro Max (สี Pink) รุ่น Fancy Full Color,292362,690.0,Out of Stock,powerbuy.co.th
เคสสำหรับ iPhone 15 Plus (สีเหลือง) รุ่น FANCYYL,292368,690.0,Out of Stock,powerbuy.co.th
เคสสำหรับ iPhone 15 Plus (สีชมพู) รุ่น FANCYRD,292370,690.0,Out of Stock,powerbuy.co.th
เคสสำหรับ iPhone 15 (สีดำ) รุ่น Fancy Full Color,292372,690.0,Out of Stock,powerbuy.co.th
MagSafe Case For iPhone 15 (สี Yellow) รุ่น Fancy Full Color,292374,690.0,Out of Stock,powerbuy.co.th
"APPLE iPhone 15 (128GB, Green)",292449,20700.0,Out of Stock,powerbuy.co.th
"APPLE iPhone 15 Plus (512GB, Yellow)",292475,50900.0,Out of Stock,powerbuy.co.th
"APPLE iPhone 15 Pro (1TB, Blue Titanium)",292490,46794.0,Out of Stock,powerbuy.co.th
"APPLE iPhone 15 Pro (1TB, White Titanium)",292491,46794.0,Out of Stock,powerbuy.co.th
"APPLE iPhone 15 Pro (1TB, Black Titanium)",292492,46794.0,Out of Stock,powerbuy.co.th
"APPLE iPhone 15 Pro (256GB, Black Titanium)",292496,33794.0,Out of Stock,powerbuy.co.th
"APPLE iPhone 15 Pro (512GB, Natural Titanium)",292497,41794.0,Out of Stock,powerbuy.co.th
"APPLE iPhone 15 Pro Max (512GB, Blue Titanium)",292518,42394.0,Out of Stock,powerbuy.co.th
เคสสำหรับ iPhone 15 Pro (สีใส) รุ่น PJYT-31AJ,292847,690.0,Out of Stock,powerbuy.co.th
เคสสำหรับ iPhone 15 Pro Max (สี Transparent) รุ่น SPH57P014TR23,292854,490.0,Out of Stock,powerbuy.co.th
"Galaxy A05s (RAM 6GB, 128GB, Silver)",292988,4499.0,Out of Stock,powerbuy.co.th
เคสใสสำหรับ iPhone 15 พร้อม MagSafe,292995,1990.0,Out of Stock,powerbuy.co.th
เคสใสสำหรับ iPhone 15 Plus พร้อม MagSafe,292996,1990.0,Out of Stock,powerbuy.co.th
เคสใสสำหรับ iPhone 15 Pro พร้อม MagSafe,292997,1990.0,Out of Stock,powerbuy.co.th
เคสใสสำหรับ iPhone 15 Pro Max พร้อม MagSafe,292998,1990.0,Out of Stock,powerbuy.co.th
FineWoven Case with MagSafe เคสสำหรับ iPhone 15 Pro (สี Black),293010,2390.0,Out of Stock,powerbuy.co.th
FineWoven Case with MagSafe เคสสำหรับ iPhone 15 Pro (สี Taupe),293011,2390.0,Out of Stock,powerbuy.co.th
FineWoven Case with MagSafe เคสสำหรับ iPhone 15 Pro (สี Pacific Blue),293013,2390.0,Out of Stock,powerbuy.co.th
เคสผ้า FineWoven สำหรับ iPhone 15 Pro พร้อม MagSafe (สีเขียวเอเวอร์กรีน) รุ่น MT4U3FE/A,293014,2390.0,Out of Stock,powerbuy.co.th
เคสผ้า FineWoven สำหรับ iPhone 15 Pro Max พร้อม MagSafe (สีเขียวเอเวอร์กรีน) รุ่น MT503FE/A,293019,2390.0,Out of Stock,powerbuy.co.th
เคสซิลิโคนสำหรับ iPhone 15 พร้อม MagSafe (สีดำ),293025,1990.0,Out of Stock,powerbuy.co.th
เคสซิลิโคนสำหรับ iPhone 15 พร้อม MagSafe (สีน้ำเงินสตอร์มบลู),293026,1990.0,Out of Stock,powerbuy.co.th
เคสซิลิโคนสำหรับ iPhone 15 พร้อม MagSafe (สีเทาโคลน),293027,1990.0,Out of Stock,powerbuy.co.th
เคสซิลิโคนสำหรับ iPhone 15 พร้อม MagSafe (สีชมพูสว่าง),293028,1990.0,Out of Stock,powerbuy.co.th
เคสซิลิโคนสำหรับ iPhone 15 พร้อม MagSafe (สีชมพูกวาวา),293029,1990.0,Out of Stock,powerbuy.co.th
เคสซิลิโคนสำหรับ iPhone 15 พร้อม MagSafe (สีส้มซอร์เบ),293030,1990.0,Out of Stock,powerbuy.co.th
เคสซิลิโคนสำหรับ iPhone 15 พร้อม MagSafe (สีเขียวไซเปรส),293031,1990.0,Out of Stock,powerbuy.co.th
เคสซิลิโคนสำหรับ iPhone 15 พร้อม MagSafe (สีฟ้าวินเทอร์),293032,1990.0,Out of Stock,powerbuy.co.th
เคสซิลิโคนสำหรับ iPhone 15 Pro พร้อม MagSafe (สีเทาโคลน),293043,1990.0,Out of Stock,powerbuy.co.th
เคสซิลิโคนสำหรับ iPhone 15 Pro พร้อม MagSafe (สีชมพูสว่าง),293044,1990.0,Out of Stock,powerbuy.co.th
เคสซิลิโคนสำหรับ iPhone 15 Pro พร้อม MagSafe (สีชมพูกวาวา),293045,1990.0,Out of Stock,powerbuy.co.th
เคสซิลิโคนสำหรับ iPhone 15 Pro พร้อม MagSafe (สีส้มซอร์เบ),293046,1990.0,Out of Stock,powerbuy.co.th
APPLE iPhone 15 Pro Silicone Case with MagSafe (Cypress),293047,1990.0,Out of Stock,powerbuy.co.th
เคสซิลิโคนสำหรับ iPhone 15 Pro พร้อม MagSafe (สีฟ้าวินเทอร์),293048,1990.0,Out of Stock,powerbuy.co.th
เคสซิลิโคนสำหรับ iPhone 15 Pro Max พร้อม MagSafe (สีดำ),293049,1990.0,Out of Stock,powerbuy.co.th
เคสซิลิโคนสำหรับ iPhone 15 Pro Max พร้อม MagSafe (สีชมพูสว่าง),293052,1990.0,Out of Stock,powerbuy.co.th
เคสซิลิโคนสำหรับ iPhone 15 Pro Max พร้อม MagSafe (สีชมพูกวาวา),293053,1990.0,Out of Stock,powerbuy.co.th
เคสซิลิโคนสำหรับ iPhone 15 Pro Max พร้อม MagSafe (สีส้มซอร์เบ),293054,1990.0,Out of Stock,powerbuy.co.th
เคสซิลิโคนสำหรับ iPhone 15 Pro Max พร้อม MagSafe (สีเขียวไซเปรส),293055,1990.0,Out of Stock,powerbuy.co.th
เคสซิลิโคนสำหรับ iPhone 15 Pro Max พร้อม MagSafe (สีฟ้าวินเทอร์),293056,1990.0,Out of Stock,powerbuy.co.th
"Galaxy S23 FE (RAM 8GB, 256GB, Mint)",293363,25900.0,Out of Stock,powerbuy.co.th
"Galaxy S24+ (RAM 12GB, 256GB, Marble Gray)",295635,33900.0,Out of Stock,powerbuy.co.th
"Galaxy S24 Ultra (RAM 12GB, 256GB, Titanium Black)",295649,30400.0,Out of Stock,powerbuy.co.th
"Galaxy S24 Ultra (RAM 12GB, 256GB, Titanium Gray)",295650,30400.0,Out of Stock,powerbuy.co.th
"Galaxy S24 Ultra (RAM 12GB, 256GB, Titanium Violet)",295651,30400.0,Out of Stock,powerbuy.co.th
"Galaxy S24 Ultra (RAM 12GB, 256GB, Titanium Yellow)",295652,30400.0,Out of Stock,powerbuy.co.th
"Galaxy S24 Ultra (RAM 12GB, 512GB, Titanium Yellow)",295656,36400.0,Out of Stock,powerbuy.co.th
"อะแดปเตอร์ (25 วัตต์, สีดำ) รุ่น EP-T2510NBEGTH",295932,690.0,Out of Stock,powerbuy.co.th
Eco Leather Case สำหรับ Galaxy S24 (สี Taupe) รุ่น GP-FPS921HCAAW,295947,357.0,Out of Stock,powerbuy.co.th
Eco Leather Case สำหรับ Galaxy S24 (สีดำ) รุ่น GP-FPS921HCABW,295948,357.0,Out of Stock,powerbuy.co.th
Smart View Wallet Case สำหรับ Galaxy S24 (สีขาว) รุ่น EF-ZS921CWEGWW,295953,387.0,Out of Stock,powerbuy.co.th
ฟิลม์กันรอยสำหรับ Galaxy S24 (สี Transparency) รุ่น EF-US916CTEGWW,295966,550.0,Out of Stock,powerbuy.co.th
Vegan Leather Case สำหรับ Galaxy S24+ (สี Dark Violet) รุ่น GP-FPS926HCAVW,295971,357.0,Out of Stock,powerbuy.co.th
Standing Grip Case สำหรับ Galaxy S24+ (สี Taupe) รุ่น EF-GS926CUEGWW,295976,387.0,Out of Stock,powerbuy.co.th
Standing Grip Case สำหรับ Galaxy S24+ (สี Dark Violet) รุ่น EF-GS926CEEGWW,295977,387.0,Out of Stock,powerbuy.co.th
Standing Grip Case สำหรับ Galaxy S24+ (สี Light Blue) รุ่น EF-GS926CLEGWW,295978,387.0,Out of Stock,powerbuy.co.th
Silicone Case สำหรับ Galaxy S24+ (สี Dark Violet) รุ่น EF-PS926TEEGWW,295980,237.0,Out of Stock,powerbuy.co.th
Silicone Case สำหรับ Galaxy S24+ (สี Lime) รุ่น EF-PS926TGEGWW,295983,237.0,Out of Stock,powerbuy.co.th
Shield Case สำหรับ Galaxy S24+ (สี Dark Violet) รุ่น GP-FPS926SACVW,295986,237.0,Out of Stock,powerbuy.co.th
Clear Gadget Case สำหรับ Galaxy S24+ (สี Transparency) รุ่น EF-XS926CTEGWW,295987,357.0,Out of Stock,powerbuy.co.th
ฟิล์มกันรอยแบบกันแสงสะท้อนสำหรับ Galaxy S24+ (สี Transparency) รุ่น EF-US926CTEGWW,295988,550.0,Out of Stock,powerbuy.co.th
Flipsuit Case สำหรับ Galaxy S24+ (สีขาว) รุ่น EF-MS926CWEGWW,295989,357.0,Out of Stock,powerbuy.co.th
Flipsuit Case สำหรับ Galaxy S24+ (สีเหลือง) รุ่น EF-MS926CYEGWW,295990,357.0,Out of Stock,powerbuy.co.th
Clear Gadget Case สำหรับ Galaxy S24 Ultra (สี Transparency) รุ่น EF-XS928CTEGWW,296009,595.0,Out of Stock,powerbuy.co.th
ฟิลม์กันรอยสำหรับ Galaxy S24 Ultra (สี Transparency) รุ่น EF-US928CTEGWW,296010,550.0,Out of Stock,powerbuy.co.th
Haainc Marvel Avengers Flipsuit Card for Galaxy S24 Ultra รุ่น GP-TOS928HIJBW,296017,490.0,Out of Stock,powerbuy.co.th
Keith Haring Flipsuit Card for Galaxy S24 Ultra (สีแดง) รุ่น GP-TOS928SBBRW,296022,490.0,Out of Stock,powerbuy.co.th
Smiley Flipsuit Card for Galaxy S24 Ultra (สี Mirror Purple) รุ่น GP-TOS928SBCEW,296024,490.0,Out of Stock,powerbuy.co.th
Smiley Flipsuit Card for Galaxy S24 Ultra (สีชมพู) รุ่น GP-TOS928SBCPW,296025,490.0,Out of Stock,powerbuy.co.th
Toilet Paper Flipsuit Card for Galaxy S24 Ultra (สีน้ำเงิน) รุ่น GP-TOS928SBDLW,296026,490.0,Out of Stock,powerbuy.co.th
ทีวี 55Q65D สมาร์ททีวี 55 นิ้ว 4K UHD QLED รุ่น QA55Q65DAKXXT ปี 2024,296550,15990.0,Out of Stock,powerbuy.co.th
ทีวี 85Q65D สมาร์ททีวี 85 นิ้ว 4K UHD QLED รุ่น QA85Q65DAKXXT ปี 2024,296554,38990.0,Out of Stock,powerbuy.co.th
"APPLE iPhone 13 (128GB, Midnight)",296775,15500.0,Out of Stock,powerbuy.co.th
"APPLE iPhone 13 (128GB, Starlight)",296776,15500.0,Out of Stock,powerbuy.co.th
"APPLE iPhone 15 Plus (128GB, Black)",296782,29900.0,Out of Stock,powerbuy.co.th
เครื่องซักผ้าฝาบน Digital Inverter 19 kg รุ่น WA19CG6745BDST,297514,9990.0,Out of Stock,powerbuy.co.th
ทีวี 75Q70D สมาร์ทที 75 นิ้ว 4K UHD QLED รุ่น QA75Q70DAKXXT ปี 2024,297657,49990.0,Out of Stock,powerbuy.co.th
ทีวี 65Q70D สมาร์ทที 65 นิ้ว 4K UHD QLED รุ่น QA65Q70DAKXXT ปี 2024,297659,32990.0,Out of Stock,powerbuy.co.th
ทีวี 98DU9000 สมาร์ททีวี 98 นิ้ว 4K Crystal UHD LED รุ่น UA98DU9000KXXT ปี 2024,297663,119990.0,Out of Stock,powerbuy.co.th
"Galaxy Tab S6 LITE LTE (RAM 4GB, 128GB, GRAY)",297727,9990.0,Out of Stock,powerbuy.co.th
"Galaxy Tab A9 LTE (RAM 8GB, 128GB, Graphite)",299061,4990.0,Out of Stock,powerbuy.co.th
"APPLE iPhone 14 (128GB, Midnight)",299107,17900.0,Out of Stock,powerbuy.co.th
ทีวี 50DU7000 สมาร์ททีวี 50 นิ้ว 4K Crystal UHD LED รุ่น UA50DU7000KXXT ปี 2024,299301,12990.0,Out of Stock,powerbuy.co.th
ทีวี 43DU7000 สมาร์ททีวี 43 นิ้ว 4K Crystal UHD LED รุ่น UA43DU7000KXXT ปี 2024,299302,11990.0,Out of Stock,powerbuy.co.th
"Galaxy A06 (RAM 4GB, 64GB, Light Green)",300709,2699.0,Out of Stock,powerbuy.co.th
"Galaxy A06 (RAM 4GB, 64GB, Black)",300710,2699.0,Out of Stock,powerbuy.co.th
"APPLE iPhone 16 (128GB, Ultramarine)",301011,26900.0,Out of Stock,powerbuy.co.th
"APPLE iPhone 16 Plus (128GB, Ultramarine)",301026,31900.0,Out of Stock,powerbuy.co.th
"APPLE iPhone 16 Plus (128GB, Teal)",301029,31900.0,Out of Stock,powerbuy.co.th
"APPLE iPhone 16 Pro Max (512GB, Natural Titanium)",301060,49700.0,Out of Stock,powerbuy.co.th
"APPLE iPhone 16 Pro Max (1TB, Natural Titanium)",301064,57700.0,Out of Stock,powerbuy.co.th
"APPLE iPhone 16 (128GB, Black)",301088,26900.0,Out of Stock,powerbuy.co.th
"APPLE iPhone 16 (128GB, Pink)",301089,26900.0,Out of Stock,powerbuy.co.th
"APPLE iPhone 16 (128GB, Teal)",301090,26900.0,Out of Stock,powerbuy.co.th
"APPLE iPhone 16 Pro (128GB, Desert Titanium)",301117,33800.0,Out of Stock,powerbuy.co.th
"APPLE iPhone 16 Pro (256GB, Natural Titanium)",301120,37800.0,Out of Stock,powerbuy.co.th
"APPLE iPhone 16 Pro (256GB, Desert Titanium)",301121,37800.0,Out of Stock,powerbuy.co.th
"APPLE iPhone 16 Pro (256GB, White Titanium)",301122,37800.0,Out of Stock,powerbuy.co.th
"APPLE iPhone 16 Pro (256GB, Black Titanium)",301123,37800.0,Out of Stock,powerbuy.co.th
"APPLE iPhone 16 Pro Max (256GB, Natural Titanium)",301132,40900.0,Out of Stock,powerbuy.co.th
"APPLE iPhone 16 Pro Max (256GB, White Titanium)",301134,40900.0,Out of Stock,powerbuy.co.th
"APPLE iPhone 16 Pro Max (256GB, Black Titanium)",301135,40900.0,Out of Stock,powerbuy.co.th
"APPLE iPhone 16 Pro Max (512GB, Desert Titanium)",301137,49700.0,Out of Stock,powerbuy.co.th
"APPLE iPhone 16 Pro Max (512GB, White Titanium)",301138,49700.0,Out of Stock,powerbuy.co.th
"APPLE iPhone 16 Pro Max (512GB, Black Titanium)",301139,49700.0,Out of Stock,powerbuy.co.th
"Galaxy S24 FE (RAM 8GB, 256GB, Blue)",301823,20900.0,Out of Stock,powerbuy.co.th
ตู้เย็น 2 ประตู 18.7 คิว Inverter (สีเงิน) รุ่น RT53DG7A14S9ST,301903,17490.0,Out of Stock,powerbuy.co.th
Silicone Case สำหรับ Galaxy S24 FE (สีน้ำเงิน) รุ่น EF-PS721CLEGWW,301929,237.0,Out of Stock,powerbuy.co.th
"Galaxy A16 5G (RAM 8GB, 256GB, Light Green)",302216,6999.0,Out of Stock,powerbuy.co.th
"Galaxy A16 5G (RAM 8GB, 256GB, Blue Black)",302217,6999.0,Out of Stock,powerbuy.co.th
"Galaxy A16 5G (RAM 4GB, 128GB, Light Green)",302227,4499.0,Out of Stock,powerbuy.co.th
"Galaxy S25 Ultra (RAM 12GB, 256GB, Titanium Blue)",303387,42900.0,Out of Stock,powerbuy.co.th
"Galaxy S25 Ultra (RAM 12GB, 256GB, Titanium Black)",303395,42900.0,Out of Stock,powerbuy.co.th
"Galaxy S25 Ultra (RAM 12GB, 256GB, Titanium Silver)",303403,42900.0,Out of Stock,powerbuy.co.th
แอร์ติดผนัง WindFree Anti-Bacterial Cu Filter 12000 BTU Inverter รุ่น AR13CYHCAWKNST,303687,10990.0,Out of Stock,powerbuy.co.th
แอร์ติดผนัง WindFree Anti-Bacterial Cu Filter 18000 BTU Inverter รุ่น AR18CYHCAWKNST,303690,16990.0,Out of Stock,powerbuy.co.th
แอร์ติดผนัง WindFree Anti-Bacterial Cu Filter 9000 BTU Inverter รุ่น AR10CYHCAWKNST,303696,10990.0,Out of Stock,powerbuy.co.th
"APPLE iPhone 16e (128GB, White)",304034,22400.0,Out of Stock,powerbuy.co.th
"APPLE iPhone 16e (128GB, Black)",304039,22400.0,Out of Stock,powerbuy.co.th
ZAGG Crystal Palace Snap เคสสำหรับ iPhone 16e (สีใส) รุ่น KS056575,304079,1090.0,Out of Stock,powerbuy.co.th
"Galaxy A56 5G (RAM 8GB, 128GB, Green)",304252,13999.0,Out of Stock,powerbuy.co.th
"Galaxy A06 5G (RAM 6GB, 128GB, Light Green)",304261,4299.0,Out of Stock,powerbuy.co.th
"Galaxy A06 5G (RAM 6GB, 128GB, Black)",304263,4299.0,Out of Stock,powerbuy.co.th
ทีวี Q7F สมาร์ททีวี 43 นิ้ว 4K QLED รุ่น QA43Q7F4AKXXT ปี 2025,305318,13990.0,Out of Stock,powerbuy.co.th
"IdeaPad 3 โน๊ตบุ๊ค (15.6 , Intel Core i3, RAM 16GB, 512GB) รุ่น IP3-15IAU/82RK017GTA + กระเป๋า",306101,11990.0,Out of Stock,powerbuy.co.th
"Upgrade Galaxy Z Flip7 (RAM 12GB, 512GB, Coralred)",306536,40900.0,Out of Stock,powerbuy.co.th
"Upgrade Galaxy Z Flip7 (RAM 12GB, 512GB, Jetblack)",306537,40900.0,Out of Stock,powerbuy.co.th
"Upgrade Galaxy Z Flip7 (RAM 12GB, 512GB, Blue Shadow)",306538,40900.0,Out of Stock,powerbuy.co.th
"Upgrade Galaxy Z Fold7 (RAM 12GB, 512GB, Jetblack)",306555,67900.0,Out of Stock,powerbuy.co.th
"Upgrade Galaxy Z Fold7 (RAM 12GB, 512GB, Blue Shadow)",306556,67900.0,Out of Stock,powerbuy.co.th
"Upgrade Galaxy Z Fold7 (RAM 12GB, 512GB, Silver Shadow)",306557,67900.0,Out of Stock,powerbuy.co.th
"Galaxy Z Flip7 FE (RAM 8GB, 256GB, Black)",306572,29900.0,Out of Stock,powerbuy.co.th
ZAGG Crystal Palace Snap เคสสำหรับ iPhone 16e (สีใส),KS056575,1090.0,Out of Stock,powerbuy.co.th
iPad Pro Model 1,SKU_IPADPR_001,15000.0,Out of Stock,powerbuy.co.th
iPad Pro Model 2,SKU_IPADPR_002,17000.0,In Stock,powerbuy.co.th
iPad Pro Model 3,SKU_IPADPR_003,19000.0,In Stock,powerbuy.co.th
iPad Pro Model 4,SKU_IPADPR_004,21000.0,Out of Stock,powerbuy.co.th
iPad Pro Model 5,SKU_IPADPR_005,23000.0,In Stock,powerbuy.co.th
iPad Pro Model 6,SKU_IPADPR_006,25000.0,In Stock,powerbuy.co.th
iPad Pro Model 7,SKU_IPADPR_007,27000.0,Out of Stock,powerbuy.co.th
iPad Pro Model 8,SKU_IPADPR_008,29000.0,In Stock,powerbuy.co.th
iPhone 15 Model 1,SKU_IPHONE_001,15000.0,Out of Stock,powerbuy.co.th
iPhone 15 Model 2,SKU_IPHONE_002,17000.0,In Stock,powerbuy.co.th
iPhone 15 Model 3,SKU_IPHONE_003,19000.0,In Stock,powerbuy.co.th
iPhone 15 Model 4,SKU_IPHONE_004,21000.0,Out of Stock,powerbuy.co.th
iPhone 15 Model 5,SKU_IPHONE_005,23000.0,In Stock,powerbuy.co.th
iPhone 15 Model 6,SKU_IPHONE_006,25000.0,In Stock,powerbuy.co.th
Samsung Galaxy S24 Model 1,SKU_SAMSUN_001,15000.0,Out of Stock,powerbuy.co.th
Samsung Galaxy S24 Model 2,SKU_SAMSUN_002,17000.0,In Stock,powerbuy.co.th
Samsung Galaxy S24 Model 3,SKU_SAMSUN_003,19000.0,In Stock,powerbuy.co.th
Samsung Galaxy S24 Model 4,SKU_SAMSUN_004,21000.0,Out of Stock,powerbuy.co.th
Samsung Galaxy S24 Model 5,SKU_SAMSUN_005,23000.0,In Stock,powerbuy.co.th
Samsung Galaxy S24 Model 6,SKU_SAMSUN_006,25000.0,In Stock,powerbuy.co.th
Samsung Galaxy S24 Model 7,SKU_SAMSUN_007,27000.0,Out of Stock,powerbuy.co.th
"Samsung Galaxy S24 Ultra (256GB, Titanium Black)",TEST001,42900.0,Out of Stock,powerbuy.co.th
"Samsung Galaxy S24 (128GB, Marble Gray)",TEST002,25900.0,Out of Stock,powerbuy.co.th
"Samsung Galaxy Tab S9 (128GB, Graphite)",TEST003,28900.0,Out of Stock,powerbuy.co.th
